,var1,var2,p-val,R2
44,0.5,0.4,0.0,0.691238255559451
172,0.6,0.7,0.0,0.5940615617108695
175,0.07.1,1.2,0.0,0.541675513754758
